Date,Opponent,Result,W-L (Conference),HI Points,HI Rebounds,HI Assists,"Home/Away (Home 1, Away 0)","Win/Loss (Win 1, Loss 0)",Season Start Year,Score,Points Team Scored,Game ID,Team,Field Goal %,Three Point %,Free Throw %,Rebounds,Offensive Rebounds,Defensive Rebounds,Team Rebounds,Assists,Steals,Blocks,Total Turnovers,Fouls,Technical Fouls,Flagrant Fouls,Largest Lead
"Fri, Mar 18",vs 10 Georgia *,W68-65,24-10 (11-7),Thomas 19,Bryan-Amaning 6,Thomas 7,1,1,2011,68-65,68,310770264,Washington,46,41.7,73.7,40,11,25,4,9,3,1,15,13,0,0,7
"Sun, Mar 20",vs 2 North Carolina *,L86-83,24-11 (11-7),Ross 19,N'Diaye 11,Thomas 8,1,0,2011,86-83,83,310790153,Washington,45.8,52.6,100,42,14,26,2,17,6,2,13,20,0,0,11
"Tue, Nov 16",vs Eastern Washington,W98-72,2-0 (0-0),Holiday 18,Bryan-Amaning 10,Overton 8,1,1,2011,98-72,98,303200264,Washington,45.6,25,63,43,13,27,3,8,8,3,24,17,0,0,6
"Tue, Nov 23",vs Virginia *,W106-63,3-0 (0-0),Thomas 18,Holiday 9,Gaddy 6,1,1,2011,106-63,106,303260264,Washington,37.9,25,57.7,35,13,21,1,9,4,2,17,17,0,0,2
"Tue, Nov 23",vs 8 Kentucky *,L74-67,3-1 (0-0),Thomas 13,N'Diaye 10,Gaddy 4,1,0,2011,74-67,67,303270264,Washington,39.1,17.6,61.8,53,19,30,4,7,8,9,15,22,0,0,14
"Wed, Nov 24",vs 2 Michigan State *,L76-71,3-2 (0-0),Bryan-Amaning 15,Bryan-Amaning 6,Thomas 6,1,0,2011,76-71,71,303280264,Washington,49,34.8,72,38,13,18,7,11,8,5,20,22,0,0,7
"Tue, Nov 30",vs Long Beach State,W102-75,4-2 (0-0),Wilcox 20,Thomas 6,Overton 8,1,1,2011,102-75,102,303340264,Washington,42.6,42.1,60,31,14,16,1,14,7,2,18,14,0,0,2
"Sat, Dec 4",vs Texas Tech,W108-79,5-2 (0-0),Holiday 20,Holiday 9,Thomas 4,1,1,2011,108-79,108,303380264,Washington,46,30,72,40,15,18,7,11,4,3,20,20,0,0,2
"Sat, Dec 11",@ Texas A&M,L63-62,6-3 (0-0),Thomas 13,N'Diaye 7,Thomas 2,0,0,2011,63-62,62,303450245,Washington,37.7,27.3,100,38,10,23,5,11,9,3,20,24,0,0,3
"Wed, Dec 22",vs Nevada,W90-60,8-3 (0-0),Thomas 24,Bryan-Amaning 11,Gaddy 5,1,1,2011,90-60,90,303560264,Washington,28.3,16.7,72.7,44,13,29,2,5,2,4,11,17,0,0,0
"Wed, Dec 29",@ USC,W73-67 OT,9-3 (1-0),Bryan-Amaning 18,Bryan-Amaning 8,Thomas 3,0,1,2011,73-67,73,303630030,Washington,40,36.8,71,48,14,30,4,7,3,3,17,27,0,0,7
"Fri, Dec 31",@ UCLA,W74-63,10-3 (2-0),Bryan-Amaning 21,Bryan-Amaning 10,Thomas 9,0,1,2011,74-63,74,303650026,Washington,50,26.7,80,35,10,24,1,17,4,1,9,23,1,0,17
"Sun, Jan 16",@ California,W92-71,13-4 (5-1),Thomas 27,Bryan-Amaning 11,Thomas 13,0,1,2011,92-71,92,310160025,Washington,52.3,44.8,73.3,48,12,31,5,20,6,3,12,26,0,0,24
"Thu, Jan 20",vs Arizona,W85-68,14-4 (6-1),Thomas 22,N'Diaye 8,Thomas 10,1,1,2011,85-68,85,310200264,Washington,40,33.3,65.2,41,10,25,6,11,5,1,12,24,0,0,2
"Sat, Jan 22",vs Arizona State,W88-75,15-4 (7-1),Bryan-Amaning 30,Bryan-Amaning 9,Thomas 8,1,1,2011,88-75,88,310220264,Washington,50,60,73.7,28,4,21,3,14,4,1,15,22,0,0,6
"Sun, Jan 30",@ Washington State,L87-80,15-5 (7-2),Thomas 19,Holiday 12,Thomas 5,0,0,2011,87-80,80,310300265,Washington,37.1,35.5,79.3,48,15,31,2,12,8,5,24,26,0,0,7
"Thu, Feb 3",@ Oregon State,L68-56,15-6 (7-3),Suggs 18,Bryan-Amaning 10,Thomas 6,0,0,2011,68-56,56,310340204,Washington,32.3,24.1,47.4,33,8,24,1,12,2,1,13,25,0,0,5
"Sat, Feb 5",@ Oregon,L81-76,15-7 (7-4),Bryan-Amaning 21,N'Diaye 9,Thomas 6,0,0,2011,81-76,76,310362483,Washington,50.8,40.7,45.5,35,8,27,0,19,2,5,15,17,0,0,4
"Thu, Feb 10",vs California,W109-77,16-7 (8-4),Thomas 23,Bryan-Amaning 9,Thomas 9,1,1,2011,109-77,109,310410264,Washington,48.3,28.6,51.4,39,14,19,6,13,3,1,16,15,0,0,2
"Sat, Feb 12",vs Stanford,W87-76,17-7 (9-4),Thomas 22,Bryan-Amaning 6,Overton 4,1,1,2011,87-76,87,310430264,Washington,48.3,38.1,62.5,38,12,24,2,8,4,3,19,21,2,0,2
"Thu, Feb 17",@ Arizona State,W79-62,18-7 (10-4),Bryan-Amaning 22,Bryan-Amaning 12,Thomas 6,0,1,2011,79-62,79,310480009,Washington,44.6,30.8,70,49,14,31,4,21,2,10,9,22,1,0,21
"Sat, Feb 19",@ 12 Arizona,L87-86,18-8 (10-5),Bryan-Amaning 24,Bryan-Amaning 8,Thomas 10,0,0,2011,87-86,86,310500012,Washington,54,31.3,72.2,28,8,17,3,20,8,11,11,17,0,0,4
"Tue, Feb 22",@ Seattle U,W95-74,19-8 (10-5),Bryan-Amaning 24,Bryan-Amaning 13,Thomas 4,0,1,2011,95-74,95,310532547,Washington,51.7,22.2,69,51,20,29,2,16,5,9,17,20,0,0,26
"Sun, Feb 27",vs Washington State,L80-69,19-9 (10-6),Thomas 21,Bryan-Amaning 10,Thomas 5,1,0,2011,80-69,69,310580264,Washington,39.6,28.6,88.9,37,13,23,1,9,5,1,14,21,1,0,21
"Thu, Mar 10",vs Washington State *,W89-87,21-10 (11-7),Thomas 21,Holiday 10,Thomas 11,1,1,2011,89-87,89,310690264,Washington,47.6,43.5,73.9,42,13,23,6,14,5,3,13,14,1,0,13
"Fri, Mar 11",vs Oregon *,W69-51,22-10 (11-7),Wilcox 14,Gant 10,Thomas 12,1,1,2011,69-51,69,310700264,Washington,32.1,16.7,78.6,37,10,24,3,9,8,4,12,19,0,0,2
"Sat, Mar 12",vs 16 Arizona *,W77-75 OT,23-10 (11-7),Thomas 28,Gant 8,Thomas 7,1,1,2011,77-75,77,310710012,Washington,45.5,36,57.1,49,16,27,6,12,5,3,12,25,0,0,6
"Tue, Mar 13",vs 8 UT Arlington,W82-72,22-10 (14-4),Ross 23,Gant 10,Wroten 8,1,1,2012,82-72,82,320730264,Washington,40.3,23.8,77.3,41,17,20,4,13,5,2,12,23,0,0,5
"Fri, Mar 16",vs 4 Northwestern,W76-55,23-10 (14-4),Ross 32,Ross 8,Gaddy 7,1,1,2012,76-55,76,320760264,Washington,35.3,37.5,58.8,28,9,17,2,12,10,5,15,15,0,0,8
"Tue, Mar 20",vs 3 Oregon,W90-86,24-10 (14-4),Ross 24,Wroten 7,Gaddy 10,1,1,2012,90-86,90,320800264,Washington,44.9,28,77.3,38,14,22,2,17,3,3,7,24,0,0,7
"Tue, Mar 27",vs 6 Minnesota *,L68-67 OT,24-11 (14-4),Ross 21,Gant 9,Gaddy 5,1,0,2012,68-67,67,320870264,Washington,44.1,23.1,65,46,11,29,6,15,5,7,21,17,0,0,15
"Sat, Nov 12",vs Georgia State,W91-74,1-0 (0-0),Wilcox 22,N'Diaye 8,Gaddy 6,1,1,2012,91-74,91,313160264,Washington,41.2,40,47.1,41,12,24,5,14,6,4,14,23,1,0,0
"Mon, Nov 14",vs Portland,W93-63,3-0 (0-0),Ross 24,N'Diaye 7,Wroten 6,1,1,2012,93-63,93,313180264,Washington,34.2,21.1,60,48,20,23,5,10,3,1,15,17,0,0,0
"Sun, Nov 20",@ Saint Louis,L77-64,3-1 (0-0),Ross 17,Ross 10,Ross 3,0,0,2012,77-64,64,313240139,Washington,42.4,33.3,62.5,45,16,24,5,10,5,1,16,19,0,0,0
"Fri, Nov 25",vs Houston Baptist,W88-65,4-1 (0-0),Wilcox 19,Ross 13,Gaddy 7,1,1,2012,88-65,88,313290264,Washington,32.3,42.1,68.2,44,14,26,4,12,9,2,21,16,0,0,2
"Fri, Dec 2",@ Nevada,L76-73 OT,4-2 (0-0),Ross 18,N'Diaye 12,Gaddy 6,0,0,2012,76-73,73,313362440,Washington,44.8,28.6,78.9,44,14,27,3,19,8,6,21,22,1,0,10
"Tue, Dec 6",vs 11 Marquette *,L79-77,4-3 (0-0),Ross 19,N'Diaye 13,Gant 4,1,0,2012,79-77,77,313400269,Washington,48.5,30,50,51,18,28,5,13,3,7,16,24,0,0,9
"Sat, Dec 10",vs 7 Duke *,L86-80,4-4 (0-0),Wroten 23,Ross 7,Gaddy 7,1,0,2012,86-80,80,313440150,Washington,47.7,29.4,56.5,39,11,25,3,14,7,0,14,29,0,0,0
"Fri, Dec 16",vs UC Santa Barbara,W87-80,5-4 (0-0),Wroten 27,Gant 8,Ross 2,1,1,2012,87-80,87,313500264,Washington,47.7,44.4,62.5,42,14,26,2,12,5,7,17,24,0,0,6
"Sun, Dec 18",vs South Dakota State,L92-73,5-5 (0-0),Wroten 23,Simmons 11,Gaddy 7,1,0,2012,92-73,73,313520264,Washington,54.9,62.5,81.3,30,8,20,2,12,6,1,5,17,0,0,22
"Thu, Dec 22",vs CSU Northridge,W74-51,6-5 (0-0),Simmons 13,Simmons 8,Gaddy 8,1,1,2012,74-51,74,313560264,Washington,24.1,20,82.1,32,12,18,2,2,5,3,22,18,0,0,0
"Thu, Dec 29",vs Oregon State,W95-80,7-5 (1-0),Wroten 26,Wroten 9,Gaddy 6,1,1,2012,95-80,95,313630264,Washington,50,29.4,52.9,34,11,22,1,13,6,4,13,18,0,0,0
"Sat, Dec 31",vs Oregon,W76-60,8-5 (2-0),Wilcox 24,N'Diaye 6,Wroten 5,1,1,2012,76-60,76,313650264,Washington,32.3,21.7,78.9,37,15,21,1,11,6,3,15,13,1,0,3
"Thu, Jan 5",@ Colorado,L87-69,8-6 (2-1),Wroten 21,Ross 10,Wroten 3,0,0,2012,87-69,69,320050038,Washington,37.5,20,68.8,42,20,18,4,7,9,3,15,21,0,0,9
"Sat, Jan 7",@ Utah,W57-53,9-6 (3-1),Ross 14,Simmons 10,Gaddy 6,0,1,2012,57-53,57,320070254,Washington,42.9,40,52.9,36,11,23,2,13,6,4,8,20,0,0,10
"Tue, Jan 10",vs Seattle U,W91-83,10-6 (3-1),Wilcox 25,N'Diaye 13,Wroten 6,1,1,2012,91-83,91,320100264,Washington,42,40.9,61.5,40,12,28,0,16,9,4,17,37,1,0,2
"Sun, Jan 15",vs Washington State,W75-65,11-6 (4-1),Ross 30,Ross 14,Gaddy 6,1,1,2012,75-65,75,320150264,Washington,45.1,29.2,75,28,4,20,4,13,4,3,12,21,1,0,11
"Thu, Jan 19",vs California,L69-66,11-7 (4-2),Ross 15,N'Diaye 12,Ross 2,1,0,2012,69-66,66,320190264,Washington,47.1,27.3,85.7,37,9,27,1,15,4,3,17,13,0,0,13
"Sat, Jan 21",vs Stanford,W76-63,12-7 (5-2),Wroten 21,Ross 7,Wroten 4,1,1,2012,76-63,76,320210264,Washington,35.9,15.8,60.9,33,13,19,1,7,4,2,9,20,0,0,2
"Thu, Jan 26",@ Arizona State,W60-54,13-7 (6-2),Wroten 22,N'Diaye 8,Gaddy 5,0,1,2012,60-54,60,320260009,Washington,41.7,12.5,61.3,36,10,25,1,11,7,5,10,18,0,0,12
"Sat, Jan 28",@ Arizona,W69-67,14-7 (7-2),Wroten 17,N'Diaye 8,Gaddy 5,0,1,2012,69-67,69,320280012,Washington,44.4,42.9,43.8,42,18,21,3,14,5,4,14,22,0,0,11
"Thu, Feb 2",vs UCLA,W71-69,15-7 (8-2),Ross 22,N'Diaye 11,Gaddy 5,1,1,2012,71-69,71,320330264,Washington,44.3,41.7,66.7,38,14,20,4,14,10,3,14,19,0,0,10
"Sat, Feb 4",vs USC,W69-41,16-7 (9-2),Wroten 13,Ross 14,Wroten 8,1,1,2012,69-41,69,320350264,Washington,28.8,6.3,46.2,30,6,17,7,7,7,4,12,14,0,0,3
"Thu, Feb 9",@ Oregon,L82-57,16-8 (9-3),Wroten 14,Simmons 8,Wroten 4,0,0,2012,82-57,57,320402483,Washington,36.4,12.5,38.9,42,17,21,4,7,8,0,13,20,0,0,0
"Sun, Feb 12",@ Oregon State,W75-72,17-8 (10-3),Ross 21,Ross 13,Gaddy 4,0,1,2012,75-72,75,320430204,Washington,34.8,29.4,68.6,51,16,31,4,9,7,2,11,21,0,0,6
"Thu, Feb 16",vs Arizona State,W77-69,18-8 (11-3),Ross 18,Simmons 6,Gaddy 8,1,1,2012,77-69,77,320470264,Washington,49,40,52.4,36,10,22,4,11,8,3,19,11,0,0,1
"Sat, Feb 18",vs Arizona,W79-70,19-8 (12-3),Ross 25,N'Diaye 12,Gaddy 6,1,1,2012,79-70,79,320490264,Washington,39.3,28.6,69,43,18,21,4,10,0,4,12,19,1,0,5
"Sat, Feb 25",@ Washington State,W59-55,20-8 (13-3),Wroten 21,N'Diaye 7,Wroten 5,0,1,2012,59-55,59,320560265,Washington,35.8,23.5,70.8,37,9,26,2,10,5,1,12,26,1,0,6
"Thu, Mar 8",vs Oregon State *,L86-84,21-10 (14-4),Wroten 29,Gant 10,Gaddy 6,1,0,2012,86-84,84,320680264,Washington,50,45.5,53.1,39,16,21,2,17,5,4,11,19,0,0,15
"Tue, Mar 19",@ 3 BYU,L90-79,18-16 (9-9),Wilcox 20,Kemp Jr. 11,Gaddy 9,0,0,2013,90-79,79,330780252,Washington,41.8,36.4,88.2,40,9,25,6,18,8,5,10,18,0,0,3
"Sun, Nov 11",vs Loyola (MD),W85-63,1-0 (0-0),Wilcox 22,N'Diaye 16,Suggs 3,1,1,2013,85-63,85,323160264,Washington,36.5,25,54.2,38,19,15,4,6,3,5,12,22,0,0,3
"Sun, Nov 18",vs 4 Ohio State *,L77-66,2-2 (0-0),Wilcox 18,N'Diaye 11,Gaddy 2,1,0,2013,77-66,66,323230194,Washington,47.9,50,64.7,32,9,19,4,10,1,3,13,17,0,0,3
"Sat, Nov 24",vs Colorado State,L73-55,2-3 (0-0),Wilcox 28,N'Diaye 8,Andrews 3,1,0,2013,73-55,55,323290264,Washington,43.3,44.4,70,50,24,21,5,15,4,2,11,18,0,0,20
"Sun, Dec 2",vs CSU Fullerton,W74-72,4-3 (0-0),Wilcox 21,Simmons 18,Gaddy 6,1,1,2013,74-72,74,323370264,Washington,42.3,31.8,50,52,15,28,9,14,8,1,13,21,0,0,14
"Sat, Dec 8",vs Nevada,L76-73,4-4 (0-0),Wilcox 21,Simmons 13,Gaddy 5,1,0,2013,76-73,73,323430264,Washington,47.5,35.3,73.7,39,11,25,3,11,8,3,13,16,0,0,18
"Thu, Dec 13",@ Seattle U,W87-74,5-4 (0-0),Suggs 24,Simmons 12,Gaddy 5,0,1,2013,87-74,87,323482547,Washington,54.4,36.4,77.8,45,13,29,3,12,8,6,12,24,0,0,27
"Sat, Dec 15",vs Jackson State,W75-67,6-4 (0-0),Wilcox 21,N'Diaye 9,Wilcox 4,1,1,2013,75-67,75,323500264,Washington,36.4,34.8,68.8,40,13,22,5,12,9,1,13,23,1,0,2
"Thu, Dec 20",vs Cal Poly,W75-62,7-4 (0-0),Wilcox 21,N'Diaye 9,Wilcox 5,1,1,2013,75-62,75,323550264,Washington,44,38.1,71.4,18,3,14,1,15,8,0,12,25,0,0,0
"Sat, Dec 22",vs Northern Illinois,W67-57,8-4 (0-0),Wilcox 22,N'Diaye 12,Gaddy 6,1,1,2013,67-57,67,323570264,Washington,39.3,41.7,72.7,37,12,18,7,11,5,1,13,20,0,0,2
"Sat, Dec 29",@ UConn,L61-53,8-5 (0-0),Suggs 15,Simmons 10,Suggs 4,0,0,2013,61-53,53,323640041,Washington,29.7,23.5,68.8,38,14,22,2,10,8,3,13,20,1,0,6
"Sat, Jan 5",@ Washington State,W68-63,9-5 (1-0),Wilcox 18,N'Diaye 10,Gaddy 5,0,1,2013,68-63,68,330050265,Washington,54.2,41.7,68.8,35,7,25,3,13,5,5,15,18,0,0,17
"Sat, Jan 12",@ Stanford,W65-60,11-5 (3-0),Wilcox 27,Simmons 13,Suggs 2,0,1,2013,65-60,65,330120024,Washington,47.1,40,68.4,39,10,27,2,6,6,4,12,14,0,0,8
"Wed, Jan 16",vs Colorado,W64-54,12-5 (4-0),Wilcox 25,Simmons 12,Gaddy 3,1,1,2013,64-54,64,330160264,Washington,36.2,10,78.6,44,13,25,6,6,2,5,12,19,0,0,0
"Sat, Jan 19",vs Utah,L74-65,12-6 (4-1),Andrews 17,N'Diaye 11,Andrews 4,1,0,2013,74-65,65,330190264,Washington,60.4,30,61.9,34,4,25,5,18,7,2,10,11,0,0,15
"Wed, Jan 23",@ Oregon State,L74-66,12-7 (4-2),Wilcox 23,N'Diaye 10,Andrews 6,0,0,2013,74-66,66,330230204,Washington,44.1,38.9,50,37,12,23,2,11,3,4,15,21,0,0,0
"Sat, Jan 26",@ 16 Oregon,L81-76,12-8 (4-3),Andrews 15,Kemp Jr. 6,Gaddy 5,0,0,2013,81-76,76,330262483,Washington,51.9,66.7,58.3,26,9,15,2,15,9,0,21,27,0,0,1
"Sat, Feb 2",vs Arizona State,W96-92,13-9 (5-4),Andrews 20,N'Diaye 10,Wilcox 7,1,1,2013,96-92,96,330330264,Washington,63.8,63.2,50,23,2,18,3,15,5,1,11,19,1,0,0
"Thu, Feb 7",@ UCLA,L59-57,13-10 (5-5),Wilcox 15,N'Diaye 18,Gaddy 8,0,0,2013,59-57,57,330380026,Washington,42.1,13.3,58.3,48,14,32,2,11,7,3,19,18,0,0,4
"Sun, Feb 10",@ USC,L71-60,13-11 (5-6),Suggs 16,N'Diaye 12,Gaddy 4,0,0,2013,71-60,60,330410030,Washington,44.1,36.4,28.6,41,10,27,4,14,9,1,14,14,0,0,0
"Wed, Feb 13",vs 23 Oregon,L65-52,13-12 (5-7),Gaddy 17,N'Diaye 11,Gaddy 5,1,0,2013,65-52,52,330440264,Washington,49,30.8,56.5,34,8,24,2,10,6,3,9,15,0,0,14
"Sat, Feb 16",vs Oregon State,W72-62,14-12 (6-7),Wilcox 24,Jarreau 7,Gaddy 9,1,1,2013,72-62,72,330470264,Washington,33.9,33.3,70.4,29,11,17,1,11,1,2,12,18,0,0,4
"Wed, Feb 20",@ 12 Arizona,L70-52,14-13 (6-8),Wilcox 15,Kemp Jr. 9,Andrews 4,0,0,2013,70-52,52,330510012,Washington,30.8,9.1,61.1,44,18,19,7,8,4,1,9,22,1,0,5
"Sat, Feb 23",@ Arizona State,W68-59,15-13 (7-8),Suggs 16,N'Diaye 10,Gaddy 7,0,1,2013,68-59,68,330540009,Washington,48.1,33.3,75,37,14,21,2,12,5,3,7,16,0,0,13
"Sun, Mar 3",vs Washington State,W72-68,16-13 (8-8),Wilcox 23,Simmons 8,Gaddy 6,1,1,2013,72-68,72,330620264,Washington,51.2,42.9,83.3,26,7,17,2,12,5,0,18,20,0,0,8
"Wed, Mar 6",vs USC,W65-57,17-13 (9-8),Suggs 18,N'Diaye 11,Suggs 3,1,1,2013,65-57,65,330650264,Washington,37.5,37.5,75,35,9,20,6,8,7,3,12,14,0,0,5
"Sat, Mar 9",vs 23 UCLA,L61-54,17-14 (9-9),Suggs 14,Simmons 11,Gaddy 4,1,0,2013,61-54,54,330680264,Washington,39.7,10,77.8,42,15,20,7,10,8,2,10,11,0,0,7
"Thu, Mar 14",vs Oregon *,L80-77 OT,18-15 (9-9),Wilcox 19,N'Diaye 9,Gaddy 5,1,0,2013,80-77,77,330732483,Washington,45.5,52.9,57.1,45,12,28,5,10,8,6,15,22,0,0,9
"Sun, Nov 10",vs Seattle U,W88-78,1-0 (0-0),Wilcox 22,Anderson 8,Williams-Goss 6,1,1,2014,88-78,88,400499761,Washington,44.8,33.3,57.9,41,13,28,0,9,6,4,13,29,0,0,
"Thu, Nov 14",vs UC Irvine,L86-72,1-1 (0-0),Wilcox 24,Anderson 8,Williams-Goss 5,1,0,2014,86-72,72,400502919,Washington,59.6,22.2,48.5,43,6,37,0,20,2,13,14,23,1,0,
"Sun, Nov 17",vs Eastern Washington,W92-80,2-1 (0-0),Williams-Goss 22,Blackwell 11,Williams-Goss 5,1,1,2014,92-80,92,400498035,Washington,44.6,42.3,47.8,35,12,23,0,13,5,2,15,24,0,0,
"Thu, Nov 21",vs Indiana *,L102-84,2-2 (0-0),Wilcox 24,Blackwell 10,Andrews 4,1,0,2014,102-84,84,400506816,Washington,51.5,23.1,86.1,50,20,30,0,16,4,4,13,23,0,0,
"Sat, Nov 30",vs Long Beach State,W92-89 2OT,4-3 (0-0),Anderson 19,Anderson 16,Andrews 5,1,1,2014,92-89,92,400502937,Washington,50,40,43.8,39,14,25,0,19,4,4,10,25,0,0,
"Sun, Dec 8",@ 24 San Diego State,L70-63,4-4 (0-0),Wilcox 17,Blackwell 11,Williams-Goss 5,0,0,2014,70-63,63,400505523,Washington,38.6,57.1,84.6,41,12,29,0,13,3,1,16,21,0,0,
"Sat, Dec 14",vs Idaho State,W85-66,5-4 (0-0),Blackwell 20,Blackwell 7,Williams-Goss 5,1,1,2014,85-66,85,400498081,Washington,46.2,15.4,84.2,21,6,15,0,14,8,0,14,15,0,0,0
"Tue, Dec 17",@ Tulane,W73-62,6-4 (0-0),Wilcox 15,Williams-Goss 7,Anderson 3,0,1,2014,73-62,73,400499341,Washington,47.8,33.3,78.6,37,7,30,0,12,7,5,18,23,0,0,
"Sun, Dec 22",vs 10 UConn,L82-70,6-5 (0-0),Wilcox 19,Anderson 8,Wilcox 4,1,0,2014,82-70,70,400496933,Washington,54.9,33.3,88,29,12,17,0,7,8,4,15,19,0,0,
"Fri, Dec 27",vs Mississippi Valley State,W95-80,7-5 (0-0),Williams-Goss 18,Blackwell 10,Williams-Goss 5,1,1,2014,95-80,95,400506817,Washington,44.1,32,50,29,6,23,0,12,7,4,11,29,1,0,
"Sun, Dec 29",vs Hartford,W73-67,8-5 (0-0),Wilcox 23,Anderson 6,Williams-Goss 5,1,1,2014,73-67,73,400506165,Washington,55.8,50,76.9,23,3,20,0,14,3,0,14,21,1,0,
"Thu, Jan 2",@ Arizona State,W76-65,9-5 (1-0),Wilcox 17,Williams-Goss 7,Andrews 3,0,1,2014,76-65,76,400506116,Washington,46.7,38.5,68.2,40,11,29,0,14,7,1,13,21,0,0,
"Sat, Jan 4",@ 1 Arizona,L71-62,9-6 (1-1),Wilcox 20,Blackwell 12,Andrews 5,0,0,2014,71-62,62,400506076,Washington,41.7,16.7,83.3,34,13,21,0,13,5,1,15,19,0,0,
"Wed, Jan 8",vs Utah,W59-57,10-6 (2-1),Andrews 19,Blackwell 6,Andrews 2,1,1,2014,59-57,59,400506622,Washington,41.5,6.7,75,31,11,20,0,3,8,1,12,15,0,0,
"Sun, Jan 12",vs 15 Colorado,W71-54,11-6 (3-1),Wilcox 31,Anderson 10,Blackwell 3,1,1,2014,71-54,71,400506175,Washington,34.5,8.3,75,38,18,20,0,6,3,6,20,15,0,0,
"Wed, Jan 15",@ California,L82-56,11-7 (3-2),Wilcox 18,Anderson 8,Williams-Goss 6,0,0,2014,82-56,56,400506139,Washington,30.2,14.3,69.6,33,10,23,0,12,2,1,7,16,0,0,
"Sat, Jan 18",@ Stanford,L79-67,11-8 (3-3),Williams-Goss 17,Williams-Goss 7,Williams-Goss 6,0,0,2014,79-67,67,400506579,Washington,43.1,25,66.7,34,12,22,0,15,4,1,6,22,0,0,
"Thu, Jan 23",vs Oregon,W80-76,12-8 (4-3),Wilcox 23,Simmons 5,Andrews 6,1,1,2014,80-76,80,400507050,Washington,42.9,26.7,94.7,32,13,19,0,10,6,5,10,24,0,0,
"Sat, Jan 25",vs Oregon State,W87-81,13-8 (5-3),Williams-Goss 32,Blackwell 7,Anderson 5,1,1,2014,87-81,87,400506558,Washington,49.1,35.7,76.9,27,7,20,0,10,1,4,5,20,0,0,
"Sat, Feb 1",@ Washington State,L72-67,13-9 (5-4),Wilcox 24,Blackwell 10,Andrews 5,0,0,2014,72-67,67,400506818,Washington,43.9,40,69.2,36,11,25,0,15,3,1,12,23,0,0,
"Thu, Feb 6",@ Utah,L78-69,13-10 (5-5),Wilcox 20,Simmons 6,Andrews 6,0,0,2014,78-69,69,400506625,Washington,43.8,29.2,66.7,28,8,20,0,14,9,2,13,23,0,0,
"Sun, Feb 9",@ Colorado,L91-65,13-11 (5-6),Williams-Goss 15,Anderson 6,Williams-Goss 4,0,0,2014,91-65,65,400506180,Washington,32.3,30.8,78.9,30,11,19,0,12,6,0,9,21,0,0,
"Sat, Feb 15",vs California,L72-59,14-12 (6-7),Andrews 21,Blackwell 11,Wilcox 5,1,0,2014,72-59,59,400506145,Washington,42.9,25,63.6,39,14,25,0,15,6,3,9,14,0,0,
"Fri, Feb 28",vs Washington State,W72-49,16-13 (8-8),Williams-Goss 17,Williams-Goss 12,Williams-Goss 4,1,1,2014,72-49,72,400506819,Washington,31.1,17.4,70.8,27,6,21,0,6,7,4,11,19,0,0,
"Thu, Mar 6",vs UCLA,L91-82,16-14 (8-9),Wilcox 20,Blackwell 10,Williams-Goss 8,1,0,2014,91-82,82,400506616,Washington,54.2,42.9,77.8,29,9,20,0,18,9,2,8,14,0,0,
"Sat, Mar 8",vs USC,W82-75,17-14 (9-9),Wilcox 24,Wilcox 8,Williams-Goss 9,1,1,2014,82-75,82,400506633,Washington,40.3,41.7,76.9,39,15,24,0,6,3,2,14,23,1,0,
"Wed, Mar 12",vs Utah *,L67-61,17-15 (9-9),Johnson 16,Simmons 9,Williams-Goss 3,1,0,2014,67-61,61,400544184,Washington,37,28.6,73.9,28,10,18,0,5,6,3,10,21,0,0,
"Sun, Nov 23",vs Pacific *,W76-69,3-0 (0-0),Kemp Jr. 18,Andrews 7,Williams-Goss 6,1,1,2015,76-69,76,400587230,Washington,43.3,33.3,70.8,40,13,27,0,15,4,6,10,20,0,0,
"Thu, Nov 27",vs San José St *,W78-56,4-0 (0-0),Dorsey 17,Anderson 10,Williams-Goss 8,1,1,2015,78-56,78,400591573,Washington,30.6,25,73.7,39,11,28,0,8,5,4,12,22,0,0,
"Fri, Nov 28",vs Long Beach State *,W80-70,5-0 (0-0),Williams-Goss 21,Williams-Goss 7,Williams-Goss 12,1,1,2015,80-70,80,400608981,Washington,41.8,36.4,72.7,35,11,24,0,12,3,4,13,21,0,0,
"Sun, Nov 30",vs UTEP *,W68-65,6-0 (0-0),Andrews 20,Jarreau 8,Williams-Goss 6,1,1,2015,68-65,68,400609073,Washington,42.3,13.3,73.1,34,13,21,0,13,7,6,15,21,0,0,
"Sun, Dec 7",vs 13 San Diego State,W49-36,7-0 (0-0),Williams-Goss 15,Upshaw 7,Williams-Goss 3,1,1,2015,49-36,49,400591589,Washington,20.4,13.3,57.1,42,21,21,0,4,4,1,12,15,0,0,
"Sun, Dec 14",vs Eastern Washington,W81-77,8-0 (0-0),Upshaw 21,Upshaw 9,Anderson 4,1,1,2015,81-77,81,400585965,Washington,36.8,33.3,81,35,15,20,0,8,6,2,12,26,1,0,
"Wed, Dec 17",vs Grambling,W86-38,9-0 (0-0),Kemp Jr. 21,Upshaw 15,Williams-Goss 11,1,1,2015,86-38,86,400593226,Washington,23.3,28.6,60,30,10,20,0,5,6,0,17,18,0,0,
"Sat, Dec 20",vs 15 Oklahoma *,W69-67,10-0 (0-0),Jarreau 12,Williams-Goss 8,Williams-Goss 6,1,1,2015,69-67,69,400585754,Washington,42.2,31.3,61.5,35,13,22,0,10,6,6,8,16,1,0,
"Mon, Dec 22",vs Tulane,W66-57,11-0 (0-0),Kemp Jr. 16,Upshaw 10,Williams-Goss 9,1,1,2015,66-57,66,400593231,Washington,31.7,41.2,60,36,16,20,0,7,10,1,14,19,0,0,
"Sun, Dec 28",vs Stony Brook,L62-57,11-1 (0-0),Upshaw 10,Upshaw 11,Andrews 4,1,0,2015,62-57,57,400593234,Washington,37.1,50,46.7,45,12,33,0,13,9,7,13,16,0,0,
"Fri, Jan 2",@ California,L81-75,11-2 (0-1),Williams-Goss 19,Williams-Goss 8,Williams-Goss 9,0,0,2015,81-75,75,400593242,Washington,45.2,27.3,76.2,42,9,33,0,15,3,6,12,23,0,0,
"Sat, Jan 10",vs Washington State,L80-77,11-4 (0-3),Williams-Goss 30,Anderson 8,Williams-Goss 6,1,0,2015,80-77,77,400593256,Washington,45.9,37.5,93.8,34,6,28,0,13,4,2,10,12,0,0,
"Thu, Jan 15",vs Oregon State,W56-43,12-4 (1-3),Upshaw 12,Upshaw 15,Williams-Goss 7,1,1,2015,56-43,56,400593264,Washington,31.9,25,90,30,11,19,0,7,3,5,15,20,0,0,
"Sun, Jan 18",vs Oregon,W85-77,13-4 (2-3),Andrews 21,Upshaw 12,Williams-Goss 5,1,1,2015,85-77,85,400593270,Washington,41.7,36.7,85.7,34,16,18,0,20,5,6,6,21,0,0,
"Thu, Jan 22",@ Colorado,W52-50,14-4 (3-3),Williams-Goss 16,Andrews 7,Andrews 3,0,1,2015,52-50,52,400593274,Washington,36,25,85.7,35,10,25,0,10,6,4,13,13,0,0,
"Wed, Jan 28",vs Stanford,L84-74,14-6 (3-5),Williams-Goss 17,Williams-Goss 7,Williams-Goss 7,1,0,2015,84-74,74,400593285,Washington,52.8,61.5,69,31,9,22,0,13,4,5,9,22,0,0,
"Sun, Feb 1",vs California,L90-88,14-7 (3-6),Williams-Goss 31,Williams-Goss 6,Williams-Goss 5,1,0,2015,90-88,88,400593294,Washington,60,42.9,75,38,8,30,0,12,5,2,14,21,0,0,
"Wed, Feb 4",@ Oregon,L78-74,14-8 (3-7),Williams-Goss 19,Anderson 6,Williams-Goss 6,0,0,2015,78-74,74,400593295,Washington,56.6,18.8,68.8,24,9,15,0,13,6,0,9,15,0,0,
"Fri, Feb 13",vs 7 Arizona,L86-62,14-10 (3-9),Andrews 18,Andrews 11,Williams-Goss 6,1,0,2015,86-62,62,400593309,Washington,52.5,30.8,76.9,37,9,28,0,18,9,5,8,18,0,0,
"Sun, Feb 15",vs Arizona State,L78-68,14-11 (3-10),Williams-Goss 20,Kemp Jr. 8,Williams-Goss 6,1,0,2015,78-68,68,400593314,Washington,49.1,41.7,58.6,44,18,26,0,11,1,1,11,19,1,0,
"Sun, Feb 22",@ Washington State,W87-84,15-11 (4-10),Andrews 35,Anderson 7,Williams-Goss 7,0,1,2015,87-84,87,400593325,Washington,50,34.8,75,27,12,15,0,18,6,2,3,22,0,0,
"Sat, Feb 28",@ USC,L70-55,15-13 (4-12),Andrews 19,Anderson 15,Winters 3,0,0,2015,70-55,55,400593333,Washington,29.7,32.1,66.7,43,15,28,0,9,3,2,12,18,0,0,
"Thu, Mar 5",vs Colorado,L64-47,15-14 (4-13),Andrews 20,Anderson 7,Dierickx 3,1,0,2015,64-47,47,400593342,Washington,44.6,21.1,66.7,40,11,29,0,14,6,4,8,11,0,0,
"Sat, Mar 7",vs 13 Utah,W77-68,16-14 (5-13),Williams-Goss 28,Williams-Goss 6,Williams-Goss 3,1,1,2015,77-68,77,400593347,Washington,52,26.3,73.3,23,7,16,0,12,2,5,14,18,0,0,
"Wed, Mar 11",vs Stanford *,L71-69,16-15 (5-13),Andrews 22,Anderson 10,Williams-Goss 7,1,0,2015,71-69,69,400766859,Washington,52.8,65,0,26,5,21,0,16,6,2,10,12,0,0,
"Tue, Mar 15",vs 6 Long Beach State,W107-102,19-14 (9-9),Murray 30,Chriss 11,Murray 5,1,1,2016,107-102,107,400871460,Washington,49.3,30.8,78.6,35,14,21,0,16,6,3,17,27,0,0,14
"Mon, Mar 21",@ 2 San Diego State,L93-78,19-15 (9-9),Murray 20,Murray 9,Andrews 6,0,0,2016,93-78,78,400871675,Washington,38.2,26.7,71,38,13,25,0,13,7,6,7,26,1,0,0
"Thu, Nov 19",vs Mount St. Mary's,W100-67,2-0 (0-0),Chriss 29,Chriss 10,Murray 5,1,1,2016,100-67,100,400841285,Washington,31.2,24.3,90.9,29,10,19,0,6,7,5,15,30,0,0,0
"Sat, Nov 21",vs Pennsylvania,W104-67,3-0 (0-0),Murray 22,Dickerson 7,Andrews 5,1,1,2016,104-67,104,400841286,Washington,32.8,21.4,61.3,39,16,23,0,11,4,0,16,18,2,0,0
"Wed, Nov 25",vs 10 Gonzaga *,L80-64,3-1 (0-0),Andrews 21,Andrews 11,Andrews 4,1,0,2016,80-64,64,400827674,Washington,25.7,20,73.3,45,22,23,0,9,4,2,12,32,1,0,2
"Fri, Nov 27",vs Charlotte *,W71-66,4-2 (0-0),Andrews 30,Andrews 13,Andrews 5,1,1,2016,71-66,71,400854123,Washington,40.6,35.3,50,41,14,27,0,17,7,5,19,25,0,0,7
"Sat, Dec 12",vs Montana,W92-62,7-2 (0-0),Chriss 22,Chriss 11,Chriss 4,1,1,2016,92-62,92,400841169,Washington,32.3,29.2,61.9,40,17,23,0,12,6,3,22,30,0,0,0
"Sat, Dec 19",vs Oakland,L97-83,7-3 (0-0),Murray 16,Dickerson 9,Murray 7,1,0,2016,97-83,83,400835634,Washington,48.1,28,73.7,55,17,38,0,19,4,5,12,19,0,0,23
"Sun, Jan 3",vs USC,W87-85,10-4 (2-0),Murray 29,Chriss 12,Andrews 4,1,1,2016,87-85,87,400841289,Washington,47,47.1,60,52,16,36,0,19,7,8,21,28,0,0,20
"Sat, Jan 9",@ Washington State,W99-95 OT,11-4 (3-0),Andrews 29,Andrews 10,Andrews 7,0,1,2016,99-95,99,400841290,Washington,46.6,40,76.7,39,14,25,0,15,7,7,8,30,0,0,10
"Thu, Jan 14",@ 18 Arizona,L99-67,11-5 (3-1),Dickerson 17,Chriss 5,Andrews 8,0,0,2016,99-67,67,400841291,Washington,40.9,31.6,63.6,26,9,17,0,21,5,4,15,23,0,0,3
"Sat, Jan 16",@ Arizona State,W89-85,12-5 (4-1),Andrews 30,Murray 9,Andrews 12,0,1,2016,89-85,89,400841292,Washington,52.3,45,75,40,12,28,0,21,6,5,16,25,0,0,12
"Sun, Jan 24",vs Utah,L80-75 OT,13-6 (5-2),Andrews 17,Murray 13,Murray 6,1,0,2016,80-75,75,400841294,Washington,41.4,25,66.7,47,16,31,0,17,4,3,12,19,0,0,5
"Thu, Jan 28",@ UCLA,W86-84,14-6 (6-2),Dickerson 15,Dime 10,Andrews 8,0,1,2016,86-84,86,400841295,Washington,43.5,47.6,75.9,39,12,27,0,13,10,3,19,29,1,0,19
"Wed, Feb 3",vs Arizona State,W95-83 OT,15-7 (7-3),Murray 34,Murray 11,Murray 6,1,1,2016,95-83,95,400841297,Washington,40.3,39.4,66.7,33,8,25,0,16,8,2,14,34,0,0,14
"Sat, Feb 13",@ Colorado,L81-80,15-10 (7-6),Chriss 18,Chriss 10,Andrews 3,0,0,2016,81-80,80,400841300,Washington,39.1,40.9,70.8,35,12,23,0,12,12,10,14,21,0,0,3
"Thu, Feb 18",vs California,L78-75,15-11 (7-7),Andrews 18,Andrews 8,Murray 5,1,0,2016,78-75,75,400841301,Washington,39.3,26.7,63.4,54,12,42,0,6,3,7,16,29,0,0,10
"Sat, Feb 20",vs Stanford,W64-53,16-11 (8-7),Murray 25,Murray 9,Andrews 6,1,1,2016,64-53,64,400841302,Washington,32.7,21.4,73.7,36,14,22,0,4,8,1,20,20,0,0,2
"Wed, Feb 24",@ Oregon State,L82-81,16-12 (8-8),Andrews 30,Andrews 6,Andrews 5,0,0,2016,82-81,81,400841303,Washington,56.6,45.8,62.5,25,2,23,0,14,6,4,14,22,0,0,6
"Sun, Feb 28",@ 13 Oregon,L86-73,16-13 (8-9),Andrews 21,Dime 5,Andrews 8,0,0,2016,86-73,73,400841304,Washington,39.3,36,80,26,9,17,0,11,4,1,11,26,0,0,2
"Wed, Mar 2",vs Washington State,W99-91,17-13 (9-9),Andrews 47,Dime 8,Andrews 4,1,1,2016,99-91,99,400841305,Washington,46.6,34.8,75,43,11,32,0,25,0,2,13,25,0,0,5
"Thu, Mar 10",vs 8 Oregon *,L83-77,18-14 (9-9),Chriss 19,Murray 9,Murray 7,1,0,2016,83-77,77,400870722,Washington,41.4,33.3,84,33,8,25,0,14,6,5,14,24,0,0,12
"Thu, Nov 17",vs CSU Fullerton,W104-88,1-1 (0-0),Fultz 35,Dime 8,Fultz 6,1,1,2017,104-88,104,400915508,Washington,50.9,47.4,71.4,19,2,17,0,14,9,3,11,27,0,0,6
"Sun, Nov 20",vs Northern Arizona,W92-58,2-1 (0-0),Fultz 16,Dickerson 8,Fultz 8,1,1,2017,92-58,92,400915514,Washington,30.8,27.6,52.6,33,14,19,0,13,5,2,16,16,0,0,0
"Tue, Nov 22",vs Long Beach State,W94-88,3-1 (0-0),Crisp 26,Dickerson 7,Fultz 6,1,1,2017,94-88,94,400915521,Washington,52.8,58.8,95.7,28,6,22,0,15,4,1,23,29,0,0,10
"Wed, Dec 7",@ 8 Gonzaga,L98-71,4-4 (0-0),Fultz 25,Dickerson 15,Crisp 2,0,0,2017,98-71,71,400915554,Washington,30.4,25,64.3,54,29,25,0,7,5,4,12,24,0,0,0
"Sun, Dec 11",vs Nevada,L87-85,4-5 (0-0),Fultz 21,Dickerson 7,Fultz 8,1,0,2017,87-85,85,400915564,Washington,45.3,30.4,75.9,34,17,17,0,11,4,5,13,15,0,0,11
"Sun, Dec 18",vs Western Michigan,W92-86,5-5 (0-0),Fultz 27,Fultz 8,Fultz 10,1,1,2017,92-86,92,400915579,Washington,50,54.5,71.4,26,7,19,0,20,5,2,10,21,0,0,5
"Tue, Dec 20",vs Cal Poly,W77-61,6-5 (0-0),Crisp 21,Dickerson 10,Fultz 5,1,1,2017,77-61,77,400915586,Washington,32.3,35.7,75,31,13,18,0,11,5,1,11,20,0,0,10
"Thu, Dec 22",@ Seattle U,W94-72,7-5 (0-0),Dickerson 21,Dickerson 17,Crisp 7,0,1,2017,94-72,94,400915590,Washington,54.4,50,75.9,44,8,36,0,22,9,8,19,18,0,0,24
"Sun, Jan 1",vs Washington State,L79-74,7-6 (0-1),Fultz 26,Fultz 9,Fultz 11,1,0,2017,79-74,74,400915604,Washington,49.2,40,81,31,7,24,0,17,7,2,10,14,0,0,8
"Wed, Jan 4",vs 15 Oregon,L83-61,7-7 (0-2),Fultz 22,Dime 11,Fultz 4,1,0,2017,83-61,61,400915606,Washington,51.7,53.8,63.6,35,9,26,0,18,9,4,12,16,0,0,25
"Sat, Jan 14",@ Stanford,L76-69,8-9 (1-4),Fultz 34,Fultz 7,Fultz 3,0,0,2017,76-69,69,400915625,Washington,38.5,26.9,70.6,37,12,25,0,7,7,3,9,25,0,0,4
"Wed, Jan 25",@ Arizona State,L86-75,9-11 (2-6),Fultz 28,Dickerson 10,Fultz 9,0,0,2017,86-75,75,400915641,Washington,40.3,35.5,46.2,43,15,28,0,20,7,6,13,26,0,0,7
"Sun, Jan 29",@ 7 Arizona,L77-66,9-12 (2-7),Fultz 16,Fultz 9,Fultz 3,0,0,2017,77-66,66,400915648,Washington,39.1,26.3,41.2,38,18,20,0,10,7,2,10,23,0,0,9
"Sat, Feb 4",vs 11 UCLA,L107-66,9-14 (2-9),Fultz 25,Fultz 6,Fultz 5,1,0,2017,107-66,66,400915660,Washington,60.6,45.8,83.3,41,10,31,0,21,9,3,16,16,0,0,44
"Thu, Feb 9",@ Colorado,L81-66,9-15 (2-10),Crisp 17,Timmins 11,Crisp 3,0,0,2017,81-66,66,400915664,Washington,42.9,31.8,78.6,34,12,22,0,10,4,3,14,21,0,0,2
"Sat, Feb 11",@ Utah,L85-61,9-16 (2-11),Crisp 31,Johnson 6,Thybulle 3,0,0,2017,85-61,61,400915669,Washington,44.6,41.7,50,23,9,14,0,12,10,5,16,15,1,0,11
"Thu, Feb 16",vs Arizona State,L83-81,9-17 (2-12),Johnson 19,Johnson 12,Fultz 4,1,0,2017,83-81,81,400915677,Washington,44.8,40,76.5,31,10,21,0,12,8,3,8,17,0,0,11
"Sat, Feb 18",vs 5 Arizona,L76-68,9-18 (2-13),Fultz 26,Dickerson 9,Fultz 6,1,0,2017,76-68,68,400915681,Washington,42.6,43.8,73.9,35,14,21,0,15,5,3,11,18,0,0,9
"Sun, Feb 26",@ Washington State,L79-71,9-19 (2-14),Johnson 17,Dickerson 13,Crisp 4,0,0,2017,79-71,71,400915693,Washington,42.6,19,69.2,40,16,24,0,9,4,1,12,18,0,0,7
"Wed, Mar 1",@ 3 UCLA,L98-66,9-20 (2-15),Dickerson 23,Dickerson 15,Crisp 5,0,0,2017,98-66,66,400915695,Washington,39.4,21.7,60,44,14,30,0,15,4,2,20,17,0,0,0
"Wed, Mar 8",vs USC *,L78-73,9-22 (2-16),Crisp 22,Crisp 8,Crisp 7,1,0,2017,78-73,73,400945500,Washington,53.8,44.4,81.8,31,7,24,0,15,3,6,17,20,1,0,10
"Wed, Mar 14",vs 4 Boise State,W77-74,21-12 (10-8),Nowell 25,Green 7,Crisp 5,1,1,2018,77-74,77,401022797,Washington,35.4,26.7,71.4,43,15,28,0,12,10,2,18,21,0,0,2
"Fri, Nov 10",vs Belmont,W86-82,1-0 (0-0),Nowell 32,Nowell 5,Nowell 2,1,1,2018,86-82,86,400988190,Washington,49.2,32.3,66.7,30,9,21,0,20,4,4,16,27,0,0,10
"Sun, Nov 12",vs Eastern Washington,W79-69,2-0 (0-0),Dickerson 28,Dickerson 22,Thybulle 3,1,1,2018,79-69,79,400988200,Washington,40,33.3,60.7,29,7,22,0,13,3,1,10,29,1,0,5
"Thu, Nov 16",vs Providence *,L77-70,2-1 (0-0),Dickerson 19,Timmins 8,Crisp 4,1,0,2018,77-70,70,400988212,Washington,51,53.3,67.9,37,9,28,0,22,8,2,19,21,0,0,12
"Fri, Nov 17",vs Virginia Tech *,L103-79,2-2 (0-0),Nowell 21,Johnson 5,Thybulle 7,1,0,2018,103-79,79,400999766,Washington,60,68.2,77.8,34,4,30,0,23,6,1,22,26,1,0,34
"Fri, Nov 24",vs Seattle U,W89-84,3-2 (0-0),Nowell 25,Timmins 8,Nowell 4,1,1,2018,89-84,89,400988228,Washington,48.3,37.5,76.2,35,14,21,0,17,4,3,18,22,0,0,1
"Sun, Nov 26",vs UC Davis,W77-70,4-2 (0-0),Nowell 21,Dickerson 11,Crisp 6,1,1,2018,77-70,77,400988232,Washington,45.5,23.8,71.4,25,10,15,0,13,6,0,11,22,0,0,4
"Tue, Nov 28",vs Kennesaw State,W85-71,5-2 (0-0),Dickerson 24,Dickerson 8,Dickerson 4,1,1,2018,85-71,85,400988233,Washington,48.3,36.8,66.7,21,8,13,0,24,9,2,19,18,0,0,1
"Sun, Dec 3",vs Omaha,W86-73,6-2 (0-0),Crisp 24,Dickerson 6,Nowell 4,1,1,2018,86-73,86,400988245,Washington,41.2,31,66.7,41,14,27,0,17,6,2,15,17,0,0,2
"Wed, Dec 6",@ 2 Kansas,W74-65,7-2 (0-0),Thybulle 19,Dickerson 14,Crisp 7,0,1,2018,74-65,74,400988249,Washington,48.3,42.9,46.7,37,10,27,0,17,6,4,12,15,1,0,14
"Sun, Dec 17",vs Loyola Marymount,W80-78,8-3 (0-0),Nowell 21,Timmins 11,Crisp 6,1,1,2018,80-78,80,400986911,Washington,45.8,43.5,58.3,40,13,27,0,17,5,1,16,28,0,0,6
"Fri, Dec 22",vs Montana,W66-63,10-3 (0-0),Nowell 13,Dickerson 7,Nowell 2,1,1,2018,66-63,66,400988287,Washington,40.3,33.3,66.7,41,20,21,0,12,6,6,20,19,1,0,3
"Fri, Dec 29",@ USC,W88-81,11-3 (1-0),Dickerson 17,Dickerson 7,Nowell 6,0,1,2018,88-81,88,400988289,Washington,67.3,50,54.5,26,4,22,0,20,3,2,16,18,1,0,14
"Sun, Dec 31",@ UCLA,L74-53,11-4 (1-1),Dickerson 14,Timmins 9,Crisp 3,0,0,2018,74-53,53,400988295,Washington,27.9,7.4,72.2,38,20,18,0,9,10,2,12,21,0,0,14
"Sat, Jan 6",@ Washington State,W70-65,12-4 (2-1),Thybulle 17,Dickerson 6,Crisp 3,0,1,2018,70-65,70,400988304,Washington,52.7,16.7,71.4,25,4,21,0,8,10,3,17,22,0,0,3
"Sat, Jan 13",vs Stanford,L73-64,13-5 (3-2),Nowell 20,Dickerson 7,Crisp 3,1,0,2018,73-64,64,400988317,Washington,46.6,36.4,53.6,48,14,34,0,12,4,3,18,21,0,0,13
"Sat, Jan 20",@ Colorado,W72-62,14-6 (4-3),Nowell 19,Dickerson 14,Crisp 3,0,1,2018,72-62,72,400988327,Washington,42.4,42.1,70,50,16,34,0,6,5,5,12,16,0,0,13
"Sun, Jan 28",vs Washington State,W80-62,15-6 (5-3),Thybulle 18,Nowell 9,Thybulle 6,1,1,2018,80-62,80,400988341,Washington,42.1,25,72.7,28,8,20,0,17,5,3,15,18,0,0,2
"Sat, Feb 3",vs 9 Arizona,W78-75,17-6 (7-3),Dickerson 25,Dickerson 7,Crisp 2,1,1,2018,78-75,78,400988350,Washington,50,16.7,73.3,35,15,20,0,15,3,7,12,17,1,0,3
"Sat, Feb 10",@ Oregon State,L97-94 2OT,17-8 (7-5),Dickerson 28,Dickerson 12,Crisp 7,0,0,2018,97-94,94,400988360,Washington,50,38.1,83.3,37,10,27,0,13,10,3,19,15,0,0,13
"Thu, Feb 15",vs Utah,L70-58,17-9 (7-6),Crisp 18,Dickerson 6,Thybulle 4,1,0,2018,70-58,58,400988364,Washington,43.4,31.8,77.3,36,10,26,0,18,6,3,11,18,0,0,15
"Sat, Feb 17",vs Colorado,W82-59,18-9 (8-6),Thybulle 26,Dickerson 10,Crisp 7,1,1,2018,82-59,82,400988369,Washington,40,30.8,87.5,34,12,22,0,10,3,7,18,13,0,0,7
"Thu, Feb 22",@ Stanford,L94-78,18-10 (8-7),Nowell 18,Dickerson 13,Nowell 5,0,0,2018,94-78,78,400988376,Washington,41.7,23.1,60,38,12,26,0,13,8,3,15,26,2,0,0
"Sat, Feb 24",@ California,W68-51,19-10 (9-7),Nowell 23,Dickerson 9,Carter 3,0,1,2018,68-51,68,400988381,Washington,44.7,41.2,79.2,34,8,26,0,11,3,4,17,15,0,0,17
"Thu, Mar 1",vs Oregon State,W79-77,20-10 (10-7),Dickerson 25,Dickerson 5,Nowell 4,1,1,2018,79-77,79,400988389,Washington,56.9,38.9,75,26,9,17,0,12,3,2,14,21,0,0,2
"Sat, Mar 3",vs Oregon,L72-64,20-11 (10-8),Crisp 19,Dickerson 8,Nowell 4,1,0,2018,72-64,64,400988391,Washington,41.4,47.8,86.7,37,11,26,0,17,6,6,13,17,0,0,16
"Wed, Mar 7",vs Oregon State *,L69-66 OT,20-12 (10-8),Thybulle 16,Dickerson 10,Thybulle 3,1,0,2018,69-66,66,401020045,Washington,39.3,22.7,62.5,44,9,35,0,12,4,2,10,19,0,0,4
"Fri, Mar 22",vs 8 Utah State *,W78-61,27-8 (15-3),Dickerson 20,Dickerson 12,Nowell 5,1,1,2019,78-61,78,401123415,Washington,49,58.8,85.7,29,7,22,0,14,10,6,15,18,0,0,17
"Sun, Mar 24",vs 1 North Carolina *,L81-59,27-9 (15-3),Nowell 12,Dickerson 6,Thybulle 4,1,0,2019,81-59,59,401123426,Washington,38.3,31,40,24,8,16,0,8,7,6,12,10,0,0,0
"Tue, Nov 6",vs Western Kentucky,W73-55,1-0 (0-0),Dickerson 18,Dickerson 6,Crisp 7,1,1,2019,73-55,73,401087177,Washington,37.7,38.5,62.5,33,7,26,0,15,3,5,16,22,0,0,9
"Fri, Nov 9",@ 11 Auburn,L88-66,1-1 (0-0),Nowell 16,Dickerson 5,Thybulle 5,0,0,2019,88-66,66,401083164,Washington,55.6,42.9,58.8,24,3,21,0,10,8,5,18,18,1,0,2
"Mon, Nov 12",vs San Diego,W66-63,2-1 (0-0),Nowell 18,Dickerson 8,Nowell 3,1,1,2019,66-63,66,401087178,Washington,47.2,37.5,63.6,31,9,22,0,16,2,5,18,15,0,0,9
"Sun, Nov 18",vs Santa Clara *,W82-68,3-1 (0-0),Nowell 32,Carter 7,Crisp 5,1,1,2019,82-68,82,401083766,Washington,44.8,21.1,57.1,29,10,19,0,11,8,1,15,24,0,0,
"Tue, Nov 20",vs Texas A&M *,W71-67,4-1 (0-0),Dickerson 24,Dickerson 17,Crisp 4,1,1,2019,71-67,71,401087179,Washington,40.4,29.4,64,39,16,23,0,9,5,3,13,26,0,0,13
"Tue, Nov 27",vs Eastern Washington,W83-59,5-2 (0-0),Green 25,Nowell 9,Nowell 7,1,1,2019,83-59,83,401086836,Washington,28.8,35.3,64.3,35,15,20,0,12,7,1,15,23,0,0,0
"Sun, Dec 9",vs Seattle U,W70-62,7-3 (0-0),Nowell 18,Nowell 9,Nowell 3,1,1,2019,70-62,70,401086129,Washington,35,37.5,73.7,29,10,19,0,16,7,2,11,17,0,0,0
"Sat, Dec 15",vs 13 Virginia Tech *,L73-61,7-4 (0-0),Thybulle 16,Carter 9,Crisp 5,1,0,2019,73-61,61,401082746,Washington,42.9,36.4,81,38,12,26,0,14,7,1,12,17,0,0,21
"Fri, Dec 21",vs Sacramento State,W57-41,8-4 (0-0),Thybulle 12,Wright 7,Crisp 3,1,1,2019,57-41,57,401086868,Washington,26.1,21.4,73.7,32,10,22,0,8,5,3,21,19,0,0,9
"Tue, Jan 1",vs CSU Fullerton,W84-76,9-4 (0-0),Nowell 20,Dickerson 12,Nowell 6,1,1,2019,84-76,84,401087182,Washington,41.9,27.8,82.6,39,14,25,0,14,5,1,15,19,0,0,13
"Sat, Jan 5",vs Washington State,W85-67,10-4 (1-0),Crisp 23,Nowell 8,Nowell 5,1,1,2019,85-67,85,401087184,Washington,46.9,40.7,90.9,24,5,19,0,15,3,2,17,16,0,0,1
"Thu, Jan 10",@ Utah,W69-53,11-4 (2-0),Carter 18,Nowell 12,Nowell 5,0,1,2019,69-53,69,401087173,Washington,41.5,40.9,75,38,13,25,0,16,9,9,8,16,0,0,19
"Thu, Jan 17",vs Stanford,W80-64,13-4 (4-0),Nowell 22,Nowell 5,Nowell 2,1,1,2019,80-64,80,401087141,Washington,48,20,65,34,12,22,0,8,2,3,18,21,1,0,2
"Sat, Jan 19",vs California,W71-52,14-4 (5-0),Green 17,Dickerson 11,Nowell 4,1,1,2019,71-52,71,401087066,Washington,30.5,6.7,65.2,32,12,20,0,8,12,1,13,25,0,0,11
"Thu, Jan 24",@ Oregon,W61-56,15-4 (6-0),Nowell 20,Nowell 6,Thybulle 7,0,1,2019,61-56,61,401087110,Washington,55,40,81.8,21,3,18,0,18,10,2,19,14,0,0,13
"Sat, Jan 26",@ Oregon State,W79-69,16-4 (7-0),Nowell 19,Dickerson 6,Crisp 4,0,1,2019,79-69,79,401087129,Washington,58.3,36.8,64,26,6,20,0,15,10,4,12,25,0,0,21
"Wed, Jan 30",vs USC,W75-62,17-4 (8-0),Dickerson 21,Dickerson 14,Nowell 5,1,1,2019,75-62,75,401087165,Washington,40.7,31.3,81.3,28,10,18,0,13,6,1,18,20,0,0,0
"Sat, Feb 2",vs UCLA,W69-55,18-4 (9-0),Nowell 15,Nowell 8,Nowell 4,1,1,2019,69-55,69,401087157,Washington,42.6,26.7,55.6,33,8,25,0,13,9,2,23,15,0,0,8
"Thu, Feb 7",@ Arizona,W67-60,19-4 (10-0),Crisp 17,Nowell 6,Nowell 4,0,1,2019,67-60,67,401087026,Washington,51,35,71.4,29,10,19,0,12,9,6,19,18,0,0,12
"Sat, Feb 9",@ Arizona State,L75-63,19-5 (10-1),Dickerson 18,Dickerson 8,Thybulle 3,0,0,2019,75-63,63,401087050,Washington,36.8,31.3,55,23,8,15,0,10,12,2,17,22,0,0,4
"Sat, Feb 16",@ Washington State,W72-70,20-5 (11-1),Nowell 20,Dickerson 10,Thybulle 3,0,1,2019,72-70,72,401087183,Washington,47.5,40,75,27,12,15,0,12,8,1,10,16,0,0,5
"Wed, Feb 20",vs Utah,W62-45,21-5 (12-1),Carter 12,Nowell 8,Crisp 5,1,1,2019,62-45,62,401087175,Washington,28,33.3,56.3,35,13,22,0,7,5,0,18,13,0,0,10
"Sat, Feb 23",vs Colorado,W64-55,22-5 (13-1),Thybulle 17,Green 6,Crisp 3,1,1,2019,64-55,64,401087095,Washington,41.5,30.8,63.6,39,14,25,0,15,8,3,19,17,0,0,2
"Thu, Feb 28",@ California,L76-73,22-6 (13-2),Crisp 32,Nowell 8,Thybulle 7,0,0,2019,76-73,73,401087074,Washington,49.1,40.7,61.5,26,8,18,0,17,5,5,11,13,0,0,7
"Sun, Mar 3",@ Stanford,W62-61,23-6 (14-2),Nowell 13,Nowell 6,Carter 2,0,1,2019,62-61,62,401087146,Washington,40.4,35.3,62.5,30,8,22,0,7,9,5,14,21,1,0,7
"Wed, Mar 6",vs Oregon State,W81-76 OT,24-6 (15-2),Dickerson 22,Dickerson 17,Nowell 5,1,1,2019,81-76,81,401087134,Washington,46.4,44.4,76.2,31,13,18,0,16,5,2,15,19,0,0,4
"Sat, Mar 9",vs Oregon,L55-47,24-7 (15-3),Nowell 17,Dickerson 16,Nowell 1,1,0,2019,55-47,47,401087117,Washington,42.9,18.2,52.9,37,10,27,0,9,8,2,16,19,0,0,16
"Thu, Mar 14",vs USC *,W78-75,25-7 (15-3),Nowell 24,Dickerson 11,Crisp 6,1,1,2019,78-75,78,401120753,Washington,45,40.7,83.3,39,11,28,0,17,10,6,17,15,1,0,0
"Fri, Mar 15",vs Colorado *,W66-61,26-7 (15-3),Nowell 14,Dickerson 11,Nowell 4,1,1,2019,66-61,66,401120757,Washington,32.1,25,80.8,44,18,26,0,10,4,3,18,21,0,0,8
"Sat, Mar 16",vs Oregon *,L68-48,26-8 (15-3),Nowell 8,Dickerson 6,Crisp 6,1,0,2019,68-48,48,401120759,Washington,52.5,42.9,90.9,33,7,26,0,11,8,4,16,15,1,0,22
"Fri, Nov 8",vs 16 Baylor *,W67-64,1-0 (0-0),Carter 23,McDaniels 8,Green 9,1,1,2020,67-64,67,401169602,Washington,45.3,46.7,70.6,34,5,29,0,17,8,11,20,15,1,0,3
"Tue, Nov 12",vs Mount St. Mary's,W56-46,2-0 (0-0),Stewart 16,McDaniels 9,Wright 4,1,1,2020,56-46,56,401170570,Washington,29.1,31.8,53.8,34,13,21,0,7,6,1,14,16,0,0,4
"Sat, Nov 16",vs Tennessee *,L75-62,2-1 (0-0),Carter 18,Carter 12,Green 6,1,0,2020,75-62,62,401169833,Washington,40,27.8,50,42,15,27,0,15,8,4,17,21,0,0,1
"Tue, Nov 19",vs Maine,W72-53,3-1 (0-0),Stewart 16,Stewart 9,McDaniels 4,1,1,2020,72-53,72,401170587,Washington,41.2,33.3,50,35,6,29,0,18,2,2,20,17,0,0,5
"Fri, Nov 22",vs Montana,W73-56,4-1 (0-0),Stewart 18,Wright 8,McDaniels 3,1,1,2020,73-56,73,401166443,Washington,33.3,40.9,69.2,27,9,18,0,13,7,0,20,33,1,0,1
"Mon, Dec 2",vs South Dakota,W75-55,6-1 (0-0),McDaniels 20,Stewart 15,McDaniels 3,1,1,2020,75-55,75,401170606,Washington,33.8,17.4,53.8,35,9,26,0,8,3,1,10,15,0,0,5
"Sun, Dec 8",vs 9 Gonzaga,L83-76,7-2 (0-0),Stewart 21,Stewart 10,Green 8,1,0,2020,83-76,76,401170617,Washington,47.8,28.6,78.6,36,11,25,0,15,12,1,12,18,0,0,9
"Tue, Dec 17",vs Seattle U,W81-59,8-2 (0-0),Stewart 27,Stewart 13,McDaniels 4,1,1,2020,81-59,81,401170630,Washington,36.1,21.7,76.9,30,11,19,0,8,4,1,10,18,0,0,3
"Mon, Dec 23",vs Hawai'i *,W72-61,10-2 (0-0),Stewart 26,Stewart 13,Green 7,1,1,2020,72-61,72,401182618,Washington,46.2,20,72.4,42,8,34,0,12,8,4,17,18,1,0,15
"Wed, Dec 25",vs Houston *,L75-71,10-3 (0-0),Stewart 25,Stewart 8,Green 7,1,0,2020,75-71,71,401182623,Washington,37.3,36.4,94.4,37,16,21,0,13,6,3,7,16,0,0,6
"Thu, Jan 2",vs UCLA,L66-64,10-4 (0-1),Stewart 24,Stewart 11,Green 4,1,0,2020,66-64,64,401170647,Washington,39.3,38.5,53.3,38,22,16,0,15,6,2,15,25,0,0,11
"Sun, Jan 5",vs USC,W72-40,11-4 (1-1),Stewart 18,Stewart 10,Green 5,1,1,2020,72-40,72,401170653,Washington,20,13.3,48,46,24,22,0,5,9,1,21,17,0,0,0
"Thu, Jan 9",@ Stanford,L61-55,11-5 (1-2),McDaniels 18,McDaniels 15,Hardy 3,0,0,2020,61-55,55,401170657,Washington,38.5,17.6,48,46,16,30,0,5,8,5,21,18,0,0,12
"Sat, Jan 11",@ California,L61-58 OT,11-6 (1-3),Stewart 13,McDaniels 11,Wright 3,0,0,2020,61-58,58,401170658,Washington,29.5,25,77.8,44,14,30,0,10,3,4,13,10,0,0,4
"Thu, Jan 16",vs Oregon State,W64-56,12-6 (2-3),Stewart 13,Carter 7,Bey 3,1,1,2020,64-56,64,401170668,Washington,39.2,16.7,63.6,36,14,22,0,13,5,2,9,11,0,0,0
"Sat, Jan 18",vs 8 Oregon,L64-61 OT,12-7 (2-4),Stewart 25,Stewart 19,Stewart 2,1,0,2020,64-61,61,401170673,Washington,34.3,25,57.9,43,19,24,0,12,9,3,8,24,0,0,5
"Sat, Jan 25",@ 23 Colorado,L76-62,12-9 (2-6),Stewart 23,Stewart 8,Wright 5,0,0,2020,76-62,62,401170681,Washington,41.8,47.8,50,27,6,21,0,16,9,7,18,13,2,0,3
"Thu, Jan 30",vs Arizona,L75-72,12-10 (2-7),Battle 14,Stewart 11,McDaniels 5,1,0,2020,75-72,72,401170691,Washington,38.7,38.5,73.9,37,12,25,0,17,8,1,10,14,0,0,10
"Sat, Feb 1",vs Arizona State,L87-83,12-11 (2-8),Tsohonis 19,Carter 6,Bey 3,1,0,2020,87-83,83,401170695,Washington,45.6,28.6,81.8,42,10,32,0,9,8,2,19,26,0,0,13
"Thu, Feb 13",@ USC,L62-56,12-13 (2-10),McDaniels 19,McDaniels 12,Carter 6,0,0,2020,62-56,56,401170713,Washington,35,26.7,85.7,38,8,30,0,14,4,7,11,13,0,0,7
"Sat, Feb 15",@ UCLA,L67-57,12-14 (2-11),Stewart 15,Stewart 10,Tsohonis 3,0,0,2020,67-57,57,401170716,Washington,41.2,33.3,63.6,33,11,22,0,11,7,3,18,18,0,0,12
"Thu, Feb 20",vs Stanford,L72-64,12-15 (2-12),Stewart 14,Carter 9,Stewart 3,1,0,2020,72-64,64,401170725,Washington,47.3,38.9,68.4,36,5,31,0,11,4,4,11,16,0,0,12
"Fri, Feb 28",vs Washington State,L78-74,13-16 (3-13),McDaniels 19,Stewart 11,Tsohonis 2,1,0,2020,78-74,74,401170737,Washington,50,36.8,85.2,34,7,27,0,13,6,3,21,24,0,0,13
"Thu, Mar 5",@ Arizona State,W90-83,14-16 (4-13),Carter 23,Stewart 12,Hardy 5,0,1,2020,90-83,90,401170743,Washington,50.8,42.3,86.4,40,10,30,0,19,6,4,14,12,0,0,9
"Sat, Mar 7",@ Arizona,W69-63,15-16 (5-13),McDaniels 20,Stewart 7,Tsohonis 5,0,1,2020,69-63,69,401170746,Washington,42.9,35.3,88.2,31,6,25,0,11,11,5,14,19,1,0,17
"Wed, Mar 11",vs Arizona *,L77-70,15-17 (5-13),Stewart 29,Stewart 12,McDaniels 3,1,0,2020,77-70,70,401211619,Washington,39.7,13,87.5,41,10,31,0,7,9,2,19,23,0,0,2
